"","return"
"1",0
"2",0.0017289846915185
"3",-0.0159063709726819
"4",-0.00184866091200342
"5",0.00664830493487711
"6",-0.00882149292655876
"7",-0.0113751076269512
"8",0.0141055467420883
"9",-0.00579154068992327
"10",-0.0167120275660215
"11",0.0442383131309023
"12",-0.0153924479166667
"13",-0.0172862601507103
"14",-0.0495986379352317
"15",0.0269026548672566
"16",0.0141330575663565
"17",0.00942025832766835
"18",-0.0413219533838002
"19",-0.0362787495609413
"20",0.0139018842485938
"21",0.00580288592814893
"22",0.0172061472480343
"23",-0.0360386695987286
"24",0.0177556875133129
"25",-0.0068556024498353
"26",0.0106635691461687
"27",-0.0054539984523575
"28",0.0181939740586701
"29",0.0086073188424487
"30",0.0150713435429877
"31",-0.00417893788873402
"32",0.00187602062447656
"33",-0.00620903759917213
"34",-0.00619826449149596
"35",-0.0167647942673345
"36",0.0182686292148306
"37",0.00667794238943831
"38",0.0129702371100895
"39",0.0213567397391603
"40",-0.000669888472947688
"41",0.00229818516840696
"42",0.00659250025849123
"43",0.0391059188288343
"44",0.000593761121831182
"45",0.0179842608002827
"46",0.00816070307595718
"47",0.00293536737235378
"48",0.00487808451679395
"49",-0.0121800002150045
"50",0.00272507138223488
"51",-0.00147017160900886
"52",0.00236473309424468
"53",-0.0106832498796616
"54",0.0112486299212597
"55",0.01606221967298
"56",0.00442291134779871
"57",-0.0118585861495895
"58",0.0187514137436327
"59",0.00645297497862418
"60",0.014888712683184
"61",-0.0036039687463717
"62",0.00412767666600322
"63",0.010679323642836
"64",0.00440270032286461
"65",0.0044251315020456
"66",-0.00270154617957696
"67",0.00766823075360334
"68",0.00206789366091042
"69",0.000577819986885775
"70",0.0134472305720326
"71",0.0131466317205158
"72",-0.00610641169853776
"73",-0.00133379147401103
"74",-0.0100377054257802
"75",0.0598143842318064
"76",0.0279685676717625
"77",0.0163620365110657
"78",-0.00491082967174972
"79",-0.0276809350649351
"80",-0.00167910250400394
"81",0.0269113612677578
"82",-0.0281045405567439
"83",0.0201462940725987
"84",-0.0287967411300919
"85",-0.010398902600846
"86",-0.0380483456385015
"87",-0.0421929576902667
"88",0.0768676372526567
"89",0.00996111705001534
"90",0.0217136431445357
"91",-0.0142317221447857
"92",-0.0175723948355412
"93",0.00157595146166578
"94",-0.00731654449479835
"95",-0.0159295770475444
"96",-0.0426028656647222
"97",0.0191789862460137
"98",0.0183228287116926
"99",-0.00624088192966255
"100",-0.00452656397563922
"101",0.037851789368786
"102",0.0139333574559577
"103",0.0153767824547872
"104",0.0119618603989089
"105",-0.00314455000887892
"106",-0.0272118876982078
"107",-0.0196124697790686
"108",-0.00641587620282325
"109",-0.0245859379202512
"110",0.0300576325676851
"111",0.0119755854225194
"112",0.00303735538460703
"113",0.0212757265403936
"114",0.0291116326525993
"115",0.0172871840256361
"116",0.00809205858547024
"117",-0.0142298686971902
"118",0.0136209935838474
"119",-0.0105166917731122
"120",-0.00727016274864367
"121",-0.00855020061635392
"122",0.00599926509186344
"123",-0.0452105546744606
"124",-0.0181130490792967
"125",-0.0121257269391557
"126",-0.00619768170644941
"127",0.00684375129687376
"128",0.0403812405521258
"129",-0.00224220828831201
"130",0.00592818009221596
"131",-0.00897462431284768
"132",-0.0213378512338053
"133",0.00369337575366746
"134",-0.00506466213261569
"135",-0.00616423155560508
"136",-0.0172869467787116
"137",0.0256942593271199
"138",0.00932951729705112
"139",0.0188011013215859
"140",0.00355183394492586
"141",-0.00253900142520591
"142",0.0185128509719221
"143",-0.0118146465397767
"144",-0.0109212446351932
"145",-0.0033318818591106
"146",0.0178814693877551
"147",0.000305503141325048
"148",0.00400870455451918
"149",-0.00486725979363822
"150",-0.00615208225515873
"151",0.0063823288992737
"152",-0.00893978250818828
"153",-0.0355422221881621
"154",0.0063951557839268
"155",-0.0106834584375869
"156",-0.00586111573531345
"157",0.0174850745441746
"158",0.00436551949682018
"159",-0.0126051452200623
"160",-0.000960525021273528
"161",-0.0153821668124392
"162",-0.023881107756604
"163",0.012336897644968
"164",-0.0107455718926992
"165",0.00557681010936539
"166",0.00364201626878513
"167",0.00247427637028541
"168",0.0297408139902788
"169",0.0073502657667921
"170",0.0261729004801317
"171",-0.00370988897600522
"172",0.0198207982622862
"173",0.000570500532481422
"174",0.00129244689690866
"175",0.0137808131809727
"176",0.00381959251318764
"177",0.0080579127683913
"178",0.0234994011842025
"179",-0.0043388509238167
"180",0.028543384848845
"181",0.00190660596556325
"182",0.0140254570387925
"183",0.00406595992171099
"184",0.0117680054728508
"185",-0.00396829501915696
"186",-0.0147684715524855
"187",0.00177784285017091
"188",-0.0125969311367764
"189",-0.00433484386953964
"190",-0.0137334985133797
"191",0.0369652438860792
"192",0.000865176137186063
"193",0.000103793356721837
"194",0.0167692132834738
"195",0.00438666984051439
"196",0.0107665768187937
"197",0.00535942915040621
"198",0.00722995915959324
"199",0.0411166804639824
"200",0.0103577939977835
"201",-0.0267610436885404
"202",0.00336038006682937
"203",-0.00325246518213973
"204",-0.00662322288386596
"205",0.00445575845926127
"206",-0.00255793291024475
"207",-0.000714156774181851
"208",-0.00841373452566407
"209",-0.0139562437181401
"210",0.0106318689445979
"211",0.0170293911642867
"212",0.0111198090685212
"213",0.0174871988176266
"214",-0.00358192720440054
"215",0.00469845191682094
"216",-0.00797194129754719
"217",0.00616933711095946
"218",-0.00433915050376765
"219",-0.0272225601557848
"220",-0.00321395980445893
"221",-0.0177501437662884
"222",-0.00361412528057781
"223",0.0263893241079622
"224",-0.00551175962794481
"225",0.0216151270287857
"226",-0.0147754142924911
"227",0.0196612193046826
"228",0.000635336729800873
"229",0.00593653333333344
"230",-0.0180515916798285
"231",0.0168728908886389
"232",0.00553097345132736
"233",-0.00223163916391655
"234",0.0085370714650066
"235",-0.00605968429574821
"236",0.00879922052984861
"237",-0.00389397210187881
"238",0.00250183887915933
"239",0.00346270289977668
"240",-0.00429004891447871
"241",0.00021855192911846
"242",0.00277806207598719
"243",-0.00199220549708212
"244",0.00499049942285645
"245",0.00617605909189667
"246",0.00296115988751988
"247",-0.00479761354161168
"248",0.00333741652240516
"249",0.00243322662149148
"250",-0.000553083213085781
"251",-0.0050108887454271
"252",-0.00339865282336649
"253",0.0217323784722223
"254",0.00521895809957162
"255",0.00818008371686241
"256",-0.000808311406286566
"257",0.00716146559812558
"258",0.0188325236503029
"259",-0.00236526210968335
"260",0.00813716163901779
"261",0.00365832422410595
"262",0.00809997704466525
"263",-0.0224690202587011
"264",-0.00531330122929585
"265",-0.0181796711776765
"266",-0.0179151851178845
"267",0.0328416393061326
"268",0.011705402004317
"269",0.00717633283159147
"270",-0.00186126510817231
"271",-0.0207162145625127
"272",0.00958048234146314
"273",0.016827809153406
"274",-0.00205778048285654
"275",-0.00255579690339469
"276",0.00890987675075428
"277",0.015526707070707
"278",0.00943500046112322
"279",0.00833338982732856
"280",-0.0101072366504165
"281",0.00651548478010389
"282",0.00652933157876601
"283",0.00200454370515679
"284",0.00897478218309899
"285",-0.0133010212331334
"286",-0.0216020422572579
"287",-0.034088338658147
"288",0.0118425920520384
"289",0.000758799809977173
"290",0.0153990204246155
"291",0.0145048135453856
"292",-0.0110416125133306
"293",0.00804441908956988
"294",0.0211292177923257
"295",0.00122369558715008
"296",-0.0128888665234571
"297",0.00112556277153675
"298",-0.00924780771863742
"299",-0.0164553128823517
"300",0.0153460068196039
"301",0.00446039959522948
"302",-0.022994671082762
"303",-0.0446400707607314
"304",0.014029951117722
"305",-0.0118635185800794
"306",0.0260985027235794
"307",0.00559975249749201
"308",-0.00589091455781743
"309",0.0170405489416356
"310",0.0190451461755532
"311",-0.00312911190760656
"312",0.00148389456646258
"313",-0.00663899004697988
"314",-0.000344147101883907
"315",-0.01133401024168
"316",-0.00978057835571344
"317",-0.00674112379309033
"318",-0.00250817675371173
"319",0.000118364691969797
"320",-0.00893278492823513
"321",-0.0127141522337199
"322",0.00483677134614813
"323",0.0112213955034395
"324",-0.0110373961141536
"325",-0.0149208950734504
"326",0.0134062419837537
"327",0.018110603752042
"328",0.0134671160788333
"329",0.0242107056145309
"330",0.00658682634730545
"331",-0.00733690263731901
"332",-0.000770515381542158
"333",-0.00971007864869433
"334",0.00974763340455187
"335",-0.0109959156770808
"336",0.00554461123316852
"337",0.00393455494393002
"338",-0.00806703083139826
"339",-0.000259610661527576
"340",0.002711636824823
"341",0.00532217479120423
"342",-0.00635286314325778
"343",-0.00190072292949539
"344",-0.0175145223187234
"345",-0.0211453866935775
"346",0.00852088839559162
"347",0.0110965431070387
"348",0.00194196609155184
"349",-0.0155933511739146
"350",-0.00244617859977125
"351",-0.00660880390680385
"352",0.0138173449959114
"353",-0.00528531391751663
"354",0.00719399385805386
"355",0.0308823215776926
"356",-0.00666991346347345
"357",0.00170758586775954
"358",-0.00768564016609397
"359",-0.0157232591596379
"360",-0.0177494026476087
"361",0.000602349136333613
"362",-0.00225734414296519
"363",-0.0168632652497536
"364",0.00214789807553495
"365",0.0178811630647602
"366",-0.0171158466744777
"367",-0.00486613000928993
"368",-0.0150695044294441
"369",-0.0154249174473854
"370",0.0316503349619308
"371",-0.00826925309891491
"372",0.0267195554578084
"373",-0.0147329889836912
"374",0.0174352445832417
"375",0.00969762714242717
"376",-0.00363893110919045
"377",0.00487963118189438
"378",0.0226115416358099
"379",0.0179747009736129
"380",0.0066679792042128
"381",0.0154651127526166
"382",0.00702688681940788
"383",-0.0158739314253387
"384",-0.000706169499504639
"385",0.0120706709686274
"386",-0.000698318506285101
"387",0.0199848953238113
"388",0.0243341118528346
"389",0.00815947565543063
"390",0.0266683924107185
"391",0.00100804343249461
"392",0.0155180972290925
"393",0.0132214387016087
"394",0.0123211943556216
"395",-0.0268213777546418
"396",-0.00196133376687124
"397",-0.00341992762247745
"398",0.0160571914783281
"399",-0.0197605543061319
"400",0.00941089702593523
"401",-0.0387191995182434
"402",-0.00993722871452407
"403",-0.0546276555204002
"404",0.0588884679495092
"405",-0.0275928130263896
"406",0.0275234393844173
"407",0.00880385307560538
"408",0.0170295758392665
"409",-0.00764196046304388
"410",-0.000105088312818191
"411",-0.0378246552641713
"412",-0.0273732993279235
"413",0.00115159959724309
"414",0.0481427336999214
"415",0.00690579236515831
"416",-0.00653941198362484
"417",0.0263833990540148
"418",0.0166588244088048
"419",5.12654819602165e-05
"420",-0.0132310574780083
"421",-0.00987454169764701
"422",-0.0183187154464208
"423",0.0152118481953156
"424",0.0110338756935389
"425",0.000546974697533953
"426",-0.0173374182883862
"427",0.00651689075394013
"428",0.0123177446477287
"429",0.0121677912068705
"430",0.00940154151764316
"431",0.0191876522966683
"432",0.0277902630049518
"433",0.00442144657351839
"434",-0.00316841223369435
"435",-0.0250400732752935
"436",0.00617195771583212
"437",-0.0027949442929518
"438",-0.00969815185559986
"439",-0.00563541540579238
"440",-0.0162212533823959
"441",-0.0236833953345092
"442",-0.0176229943655615
"443",-0.00560597989127543
"444",0.0154363065375456
"445",-0.00232653528640214
"446",-0.020059877573734
"447",0.0514061216721891
"448",0.0295259904691543
"449",0.00474661884373684
"450",0.0155150446650076
"451",0.0332247967441217
"452",-0.00476305199725913
"453",0.00535726083614119
"454",-0.0559397214854112
"455",-0.00830369750728921
"456",-0.00617238129412112
"457",0.0328353409372668
"458",-0.0197156513351771
"459",0.00711470469209963
"460",0.0102096554147812
"461",0.000642486854480984
"462",-0.000419775280898871
"463",-0.0204309100124243
"464",0.00226981419696282
"465",0.0142422287157793
"466",-0.00702108325621942
"467",-0.00127428540327235
"468",0.016260986653821
"469",-0.0269551441686757
"470",-0.0254503336829556
"471",-0.00155751001046167
"472",-0.0139358635348386
"473",0.0252333702473237
"474",-0.0104415809388869
"475",-0.0191282996256817
"476",-0.00654465944586557
"477",-0.0158158108671427
"478",0.0203246409476825
"479",-0.0252848524547056
"480",-0.00931906571145658
"481",0.0345187772971502
"482",-0.00776350109287993
"483",0.0241157885567778
"484",0.0149921611721611
"485",0.00456265816448687
"486",0.00849369267122091
"487",-0.00524156653240071
"488",-0.00475767233661606
"489",0.00403509740271191
"490",0.00757690055212312
"491",-0.0045220975003516
"492",-0.00773279894379764
"493",-0.0221702020679572
"494",-0.0032878403595642
"495",0.00548901690470305
"496",0.00312319566556285
"497",0.0359488033902704
"498",0.0012628463572526
"499",0.00529701081204648
"500",0.0119934559178987
"501",0.00793396962354431
"502",-0.00956881874689242
"503",0.00615931849791385
"504",-0.00029615917148984
"505",0.0153827157455266
"506",0.00537408252561167
"507",0.0111020029238005
"508",0.0104537663760613
"509",-0.00158613639367677
"510",0.00358045188000955
"511",-0.00163029017352412
"512",-0.00274519946264917
"513",-0.00374952415814778
"514",0.0116481362835212
"515",0.0103838004274435
"516",-0.00316932258087044
"517",-0.0174167524504172
"518",0.0169165170957224
"519",-0.0163777167929836
"520",0.0624390470023164
"521",-0.00454484391219412
"522",0.00596002063774348
"523",0.0128107134178015
"524",0.00765984000917741
"525",-0.000635226122343124
"526",-0.00234549639404635
"527",0.0100193265948438
"528",0.00933250078896197
"529",0.0104749107381883
"530",0.0167438000961422
"531",0.0345934037997246
"532",0.000506948930501849
"533",0.0186048881796044
"534",0.0136489685989432
"535",-0.0231420719978016
"536",0.00912240568067935
"537",-0.000179136222197118
"538",0.0253525121316414
"539",-0.00351564902702117
"540",0.00652965855706911
"541",0.0116578561289336
"542",0.00641264941244257
"543",0.0183543896960257
"544",0.0131300496721383
"545",0.00374234960503506
"546",0.00130411600589864
"547",-0.0220477265472788
"548",-0.00543934988075989
"549",0.000810968210394503
"550",0.0212930629447299
"551",0.00586724439340069
"552",0.0125282236721069
"553",0.0291666140398585
"554",0.0378102511838021
"555",-0.00681844010681976
"556",1.70708382887241e-05
"557",0.0265211746028133
"558",0.00808525042811681
"559",-0.00571002008647303
"560",-0.00524476020079512
"561",-0.00548941810374115
"562",0.0183373341162654
"563",0.0123563418817803
"564",0.00511001806047329
"565",-0.0125644112859916
"566",-0.016905506403509
"567",0.0318238879159369
"568",0.0172800863078721
"569",-0.00796099291884567
"570",0.0150086660475939
"571",0.00402404973967618
"572",-0.0122439872373198
"573",-0.00356438159806027
"574",-0.00547752787636502
"575",-0.0281645110767864
"576",-0.0414717666458975
"577",0.0509713122719808
"578",-0.00223058553386912
"579",-0.0343558069298917
"580",-0.0246152526215444
"581",-0.00223401857701089
"582",-0.0199754567766566
"583",0.0887412793603197
"584",-0.00377045268153497
"585",-0.00773411896134502
"586",-0.0315422572728379
"587",-0.00316784830077321
"588",0.00661354652959778
"589",-0.00709919831252648
"590",-0.0284795651053442
"591",0.00748344272445811
"592",-0.00228280530216185
"593",0.00175994225942522
"594",0.00235425713365944
"595",-0.00667804851786047
"596",-0.0149812425051173
"597",-0.00904660554037062
"598",-0.0128170221700459
"599",-0.0292264359011605
"600",0.000490364423585854
"601",0.0582600953999817
"602",-0.00767874906719446
"603",0.0243998691520275
"604",-0.00918396611419159
"605",-0.00535988086379979
"606",0.0177488206352174
"607",0.0120573163612689
"608",-0.00248628898260417
"609",-0.0289755135106187
"610",0.00588245070951299
"611",-0.00258737886671567
"612",0.015333313102238
"613",0.000454939971932244
"614",0.0150423357246694
"615",-0.0157670804489534
"616",0.00873638960474876
"617",-0.00694250897707227
"618",-0.00110113952599089
"619",0.00454918567876361
"620",0.0202915515423288
"621",0.00278274454603911
"622",-0.00284299532912302
"623",-0.0137775250179417
"624",0.007668772988082
"625",-0.0194639681228109
"626",0.00220754407091928
"627",0.00431789217668199
"628",-0.00948651703732994
"629",0.026271878060232
"630",0.0145890067493903
"631",0.0116282795282059
"632",0.0175673020001075
"633",-0.00665639256300077
"634",0.0132204663607407
"635",-0.00925246536511437
"636",-0.00621495856740328
"637",-0.00914911557468545
"638",0.0101352144246425
"639",0.00320683015435796
"640",4.94570839384423e-05
"641",-0.00112043357693126
"642",0.0132946655672836
"643",-0.0163107102866585
"644",-0.000777818922902185
"645",-0.0048191643662564
"646",-0.0431838418968354
"647",-0.000156515991049822
"648",0.0178819506425978
"649",0.0168672298215988
"650",0.02643560757782
"651",-0.00646737839064371
"652",0.0016150031019595
"653",0.0130144100105105
"654",0.0111255545086821
"655",-0.00263430723377778
"656",-0.00169111136785249
"657",0.00140352338530336
"658",0.00156268268812987
"659",0.0133505101499214
"660",0.00268248888888878
"661",-0.00136141468689588
"662",0.00873458175678077
"663",0.0184963946601553
"664",0.0262918575390987
"665",-0.0136661379719052
"666",0.0195256533795771
"667",-0.00932911937242353
"668",0.000890330921678784
"669",0.0187872143490779
"670",-0.00130245078720992
"671",-0.00197095435684658
"672",-0.0142545681322108
"673",0.00206371736865552
"674",0.014626257840749
"675",-0.00702246334543699
"676",0.00901177756229354
"677",0.00616623537936034
"678",-0.0260125844446191
"679",-0.00324411968979044
"680",0.0139268405668396
"681",0.019692806383661
"682",0.0121526427587768
"683",0.0122960534128909
"684",0.00304375647003319
"685",0.000270741266210628
"686",-0.00484267179092035
"687",0.0019894146613324
"688",-0.0132840522022488
"689",-0.0249713530868341
"690",-0.0124119725628766
"691",0.0242640413563822
"692",-0.0208712030814959
"693",-0.011557523124553
"694",0.00291176388533776
"695",0.0153331661742078
"696",-0.00692529335260905
"697",-0.021310696500021
"698",-0.0220965687847308
"699",-0.00363538864396129
"700",0.00795783896281499
"701",-0.0199872492550452
"702",0.00256333077777415
"703",0.00801955815839328
"704",0.023678209086899
"705",-0.00797176343039341
"706",-0.0185693672940925
"707",-0.0360394216484646
"708",0.039666113881262
"709",-0.0326010119533584
"710",0.00565733671132551
"711",-0.0118184852935875
"712",-0.00908881481408319
"713",-0.0143708149502203
"714",0.00204929781530683
"715",-0.0330908237502933
"716",0.0135575728155339
"717",-0.00302764184560711
"718",-0.0426352792513055
"719",-0.0362903573823553
"720",0.017312877860068
"721",-0.00773221955713965
"722",0.000128953814211297
"723",-0.0110885981051597
"724",-0.0209730886459084
"725",0.00391926504711071
"726",0.0721080627612167
"727",-0.00852002185834211
"728",0.0014085112396609
"729",0.0174469354656603
"730",0.0315486774028912
"731",-0.00805731980080016
"732",-0.00314646875748148
"733",0.0110131058288934
"734",-0.0069227502427599
"735",0.0015547635426103
"736",-0.0176392988015106
"737",-0.0643570179253005
"738",0.0156833571521373
"739",-0.0255647085002385
"740",-0.0064322024833966
"741",0.0218375888060043
"742",-0.00441460664964155
"743",-0.0172727272727272
"744",-0.0375691819743624
"745",0.0177327847832551
"746",0.0290462168670071
"747",-0.014216227118956
"748",-0.00870202005289733
"749",-0.00460006499146814
"750",0.00161736074309959
"751",-0.0137839329179885
"752",0.00401562585623783
"753",-0.0106201685240553
"754",0.0443101573096876
"755",0.0316815611180239
"756",-0.0126222109072356
"757",-0.0278546545339186
"758",-0.00588233793950177
"759",0.00269129227243825
"760",-0.0156287994234872
"761",0.0123961323720452
"762",-0.00613169524795898
"763",-0.0356525597907323
"764",-0.0315495682586981
"765",0.0415088238144745
"766",-0.0067379481153762
"767",-0.00533135229291648
"768",0.00953999192368005
"769",0.0183053668007211
"770",-0.12355783739616
"771",-0.023573884908635
"772",0.0226197963080839
"773",0.0187626082632337
"774",-0.00314221760718436
"775",-0.00293324871775713
"776",-0.00410548639926211
"777",-0.0249106922077632
"778",0.0350877370673925
"779",-0.00107024285155743
"780",0.0237673373013925
"781",0.0144376830170632
"782",0.0104213900232806
"783",-0.0250661071450325
"784",-0.00190213296690978
"785",-0.000899278418852845
"786",-0.0137808436413766
"787",-0.000369532330154243
"788",-0.0242178501094429
"789",-0.0062158940066025
"790",0.0106488008007675
"791",-0.0177679911072779
"792",0.0139340467220588
"793",-0.00980021819007759
"794",-0.00713046764289083
"795",-0.0247621110147329
"796",-0.024206108926352
"797",0.0264015897840431
"798",-0.0127104700348887
"799",0.0115585019822535
"800",0.00264757306560992
"801",0.0142453538658025
"802",-0.0215589197078387
"803",-0.0001867189558169
"804",0.00968838584687082
"805",0.0258034397464941
"806",0.027183023035658
"807",-0.00269899048981881
"808",-0.00530274331470704
"809",0.00143778094917324
"810",0.0202770400115579
"811",0.00361543151496302
"812",-0.00526339345277904
"813",-0.0196469962328664
"814",-0.0208369849732258
"815",-0.0310622503761397
"816",0.00205174049664025
"817",0.00511875097029946
"818",-0.00988448824990373
"819",-0.0105676238766974
"820",0.00711247623605904
"821",0.00180662111528829
"822",0.0203990534376495
"823",-0.00312145794598406
"824",-0.0104298757087031
"825",-0.0231502931596091
"826",0.0152197021296205
"827",-0.0549925023929476
"828",-0.0266881435290596
"829",-0.00387707682434224
"830",0.0208434486467108
"831",0.0187122486008429
"832",-0.00164974760150938
"833",0.00720171671093017
"834",0.0215975317106616
"835",0.0309683892617449
"836",0.0294335898046985
"837",-0.00788196416862452
"838",0.0141819750729957
"839",0.0100107916140026
"840",0.0238455476312036
"841",-0.0044497575959056
"842",0.0112937690017663
"843",-0.015242385568168
"844",-0.00831920725855795
"845",0.00390746407046838
"846",-0.023925673706567
"847",-0.0338170050572972
"848",0.0133613248463003
"849",-0.00303742469579682
"850",0.0223192177164535
"851",-0.00738267426321981
"852",0.00384387022841404
"853",0.00178994448850123
"854",0.0068077985580639
"855",-0.00833426949719007
"856",0.0079512415359051
"857",0.0149005690050721
"858",-0.00409663850566133
"859",0.00220124946246636
"860",-0.00312838122889258
"861",-0.0093476045201577
"862",-0.0149401268910584
"863",0.00764038666897071
"864",-0.00660919381790737
"865",-0.00293926949404832
"866",-0.0123628705401153
"867",0.00872302467639718
"868",-0.0135562620423892
"869",0.00453430053618975
"870",-0.000532388903677461
"871",-0.0203117217065726
"872",-0.0145626476164289
"873",-0.00801268584576642
"874",-0.0265054029166182
"875",0.000223560384849275
"876",-0.0113255245627446
"877",-0.0107770490461065
"878",0.00698364590330569
"879",0.0320026019317057
"880",0.0226528224426958
"881",0.00551984531586935
"882",-0.00803230060928606
"883",-0.00567774429282486
"884",0.017588290906412
"885",-0.00383573802289838
"886",0.0155919667889231
"887",-0.00182544877554314
"888",0.0021804693911045
"889",0.00645708415603763
"890",0.00025565782881154
"891",0.0033696823846936
"892",-0.0157726329442283
"893",0.003200348216019
"894",-0.0171705661811411
"895",0.0513615775642882
"896",-0.00456291117114249
"897",0.00567847672845567
"898",0.0154198415799012
"899",0.0123496013756448
"900",-0.00174280409247662
"901",0.00917064544541346
"902",0.0128317604433943
"903",0.0149392664391952
"904",-0.00894658026916395
"905",-0.000580401914483608
"906",-0.00853795891566822
"907",-0.0142297042213426
"908",0.0284080644934712
"909",0.0475222942265758
"910",0.0182404628884638
"911",-0.00118363887875972
"912",0.00887715500504171
"913",0.0107698525731679
"914",-0.013136683715707
"915",0.00257452254235546
"916",0.00119427499336866
"917",-0.00385707039014282
"918",0.00389206805661857
"919",-0.0285902607077854
"920",0.00472794800030862
"921",0.0016296923884318
"922",-0.0091112463245373
"923",0.00279132208073052
"924",0.0206925372190012
"925",-0.0068579763369131
"926",0.00595639593439978
"927",0.0159567745001832
"928",-0.022778870019575
"929",-0.0544435396157779
"930",0.0106475541983235
"931",-0.0164801875820486
"932",-0.0317917753957867
"933",0.0115525195335024
"934",0.0205569879498289
"935",0.0163983293277814
"936",-0.0103535973775447
"937",0.0496994766855561
"938",-0.00313881445595232
"939",-0.0154773994314241
"940",0.00973978775984863
"941",-0.00713665418946152
"942",-0.0124287515300673
"943",0.0235133028914969
"944",0.00327890808034326
"945",-0.0125622523311648
"946",-0.000786057377496818
"947",0.00977162462715353
"948",-0.0139619968101529
"949",0.0117477263901753
"950",0.00626813549424576
"951",0.00647412787783574
"952",0.00655424205315835
"953",0.00532211120590476
"954",0.00487293682610535
"955",0.00676495768569851
"956",0.00870170076274879
"957",0.0245043602782182
"958",-0.00285794828904673
"959",0.00979087064395512
"960",0.0132391423325011
"961",-0.0111861027439062
"962",0.00745303814049669
"963",-0.0249113757845342
"964",0.0159093530020502
"965",-0.00419135825815142
"966",-0.00510803168826668
"967",0.0129223314039575
"968",-0.00246798671096349
"969",-0.00862114397840663
"970",-0.0161829913816632
"971",0.0157467434815954
"972",-0.00290074528429207
"973",0.00184960215778829
"974",0.00119223852825789
"975",0.014463269167049
"976",-0.00600200669484974
"977",-0.012114577328219
"978",0.00177395069639363
"979",-0.00875757874127681
"980",0.0119223457236688
"981",-0.00257133205993521
"982",0.00757987716736719
"983",0.0184442127773323
"984",0.0235470878502408
"985",0.0185179211338102
"986",-0.00870393245719814
"987",0.0273750612530121
"988",-0.00233079534299763
"989",0.00513272197854242
"990",-0.0138757526756418
"991",0.011446091946822
"992",-0.00155361120312403
"993",-0.00740872435552975
"994",-0.00146075248954147
"995",-0.010900189492282
"996",0.00553717523663244
"997",-0.00450214916964553
"998",-0.00760377642541243
"999",-0.0114566807302988
"1000",0.00837526356389806
"1001",0.0383774728671267
"1002",-0.0042448666297944
"1003",-0.00664123827989949
"1004",-0.00675654539093384
"1005",-0.00994485186230576
"1006",0.0117218571637401
"1007",-0.0140636844052243
"1008",-0.0219658245388603
"1009",0.00545300730330123
"1010",-0.00715157480892559
"1011",0.00633281941587627
"1012",-0.0127700730464789
"1013",-0.00667262377313438
"1014",0.00523517105644555
"1015",0.0198980673138309
"1016",0.0200771971651634
"1017",-0.00557985511094949
"1018",-0.0245015785331415
"1019",0.0155363307338203
"1020",0.00444388485583946
"1021",0.00846757392462028
"1022",-0.018177496886134
"1023",0.0081123954307194
"1024",-0.0799272132195817
"1025",-0.0113525204171949
"1026",-0.00193710240837486
"1027",0.00164073799034536
"1028",0.00185775473889938
"1029",0.0144756650439921
"1030",0.00746879517826948
"1031",-0.000156116972143572
"1032",0.0139899479499701
"1033",0.0179149255342093
"1034",0.0131761280931588
"1035",-7.47593048168183e-05
"1036",0.0158793634210745
"1037",-0.000808324243092962
"1038",0.00367661194573055
"1039",-0.0157878275002264
"1040",-0.0115748998034888
"1041",-0.0111080108360501
"1042",0.00437882164695114
"1043",-0.0104065214979828
"1044",-0.0090219361759184
"1045",0.0199478415780754
"1046",-0.00271000423552581
"1047",0.002888377728828
"1048",0.00659386822513675
"1049",0.00210827499516797
"1050",-0.00302426931418043
"1051",-0.000584056528188714
"1052",0.000904969445668202
"1053",0.00973766219109007
"1054",0.000970016300995358
"1055",-0.0111067036890125
"1056",-0.0112314480545527
"1057",0.00390700002614874
"1058",0.00884683898054561
"1059",-0.000263402339406804
"1060",-0.00481875526653608
"1061",0.00788724034131083
"1062",0.0118603414384824
"1063",0.0107568313840116
"1064",-0.00955978669875879
"1065",-0.00429803997404898
"1066",-0.00111638447512374
"1067",-0.000223432557242331
"1068",0.00914775807780432
"1069",0.00166154526604601
"1070",-0.00693020023703628
"1071",-0.0129364687540601
"1072",-0.0157007871611287
"1073",-5.72334648240025e-05
"1074",0.01314385582846
"1075",-0.0128978873865951
"1076",-0.00739281701716155
"1077",0.00398377992812726
"1078",-0.00713090728945676
"1079",0.00202723767149382
"1080",0.0114255059000632
"1081",0.0118681304144859
"1082",0.000997767148094963
"1083",-0.0130712655546923
"1084",0.0819818631506246
"1085",0.00734459376155838
"1086",0.0387278148947221
"1087",-0.00296260148638616
"1088",-0.0037816759082947
"1089",0.0023556746539275
"1090",0.00185961306054971
"1091",0.0141415649628109
"1092",-0.010899108674074
"1093",-0.00349937561619917
"1094",-0.00732694980137216
"1095",-0.00416668988134694
"1096",0.0124500385995812
"1097",0.00156863849008659
"1098",0.000185280259145326
"1099",-0.00850353815495786
"1100",0.0147583714805328
"1101",0.0118492141597684
"1102",0.000198448526180561
"1103",0.00264590295982003
"1104",0.0015832692533535
"1105",0.0112965046958917
"1106",0.0187257097842568
"1107",-0.0025893834517644
"1108",0.0182207972764334
"1109",-0.00374574599436228
"1110",-0.00687203155215155
"1111",0.0141413694215686
"1112",0.0114188917218965
"1113",0.0039235694898907
"1114",-0.00274969655672008
"1115",0.0160013827161352
"1116",0.00586984016520131
"1117",-0.00413793103448279
"1118",-0.0167270402727465
"1119",-0.0109437642214758
"1120",0.0100788343558282
"1121",-0.00130147511069312
"1122",0.00108601216333626
"1123",-0.00347146886526373
"1124",-0.0103417809710429
"1125",-0.000880035160926829
"1126",-0.00605526808323242
"1127",0.000886132033673048
"1128",0.00597609561752988
"1129",0.0118812321232122
"1130",0.0103282883092721
"1131",0.00634882169374795
"1132",-0.000427630471669493
"1133",0.00588356842603477
"1134",0.0206317132829947
"1135",-0.0064603521933938
"1136",0.000419507079181924
"1137",-0.00366914770940341
"1138",0.00189393939393923
"1139",0.0129174123083386
"1140",-0.0117158739954744
"1141",-0.00566512798992858
"1142",-0.0178308081873814
"1143",0.0143947154106656
"1144",-0.00518898655088429
"1145",0.00830312930367771
"1146",0.0260769003378378
"1147",-0.00164630099202379
"1148",0.00659589817582185
"1149",0.0138220129005837
"1150",-0.00646334100033696
"1151",-0.00233783298791757
"1152",-0.0259806418746817
"1153",0.00554389121338916
"1154",-0.00561739334723377
"1155",-0.00491674881961501
"1156",-0.00168212776778265
"1157",-0.0050547177759056
"1158",0.00275182037460553
"1159",0.0131940052013513
"1160",-0.000208313374656321
"1161",0.0132332603938732
"1162",0.00267383803676835
"1163",0.00492311794871791
"1164",0.0120432736459166
"1165",0.0138160139646626
"1166",0.000397891176763032
"1167",9.94332305856993e-05
"1168",0.007357327500497
"1169",0.00217133833399141
"1170",-0.00640141816033091
"1171",0.012290573892358
"1172",0.00117501228532313
"1173",0.00244498777506119
"1174",0.00780491707317066
"1175",-0.0422071619668088
"1176",-0.00828785088789774
"1177",0.00866282068231472
"1178",-0.00616348388400523
"1179",-0.00376173241154931
"1180",0.0307174622193065
"1181",0.00425742574257426
"1182",0.00226761313220925
"1183",-0.000295180000189577
"1184",-0.00757646394082323
"1185",0.0071386079714455
"1186",0.0020673360897816
"1187",-0.00815404263680142
"1188",0.000990451664025338
"1189",0.0156343168665869
"1190",-0.00867108339828526
"1191",-0.0381326388206389
"1192",0.029426748567416
"1193",-0.00635235732009931
"1194",0.00639296773549103
"1195",-0.0155831265508685
"1196",0.00725952813067154
"1197",-0.00280276276276292
"1198",0
"1199",-0.00873322590912562
"1200",0.0207595341772151
"1201",0.00218246023085489
"1202",-0.00287063959099754
"1203",-0.00913340577252431
"1204",-0.0106201386883134
"1205",-0.012253164556962
"1206",-0.0131227803977856
"1207",0.0146477866342081
"1208",0.0213986280331728
"1209",0.0271651552860803
"1210",0.00507461696106182
"1211",0.0178658517473871
"1212",0.00372030907183052
"1213",-0.00104542862573653
"1214",0.0155075254495292
"1215",0.00562113568001243
"1216",-0.00335375455016795
"1217",0.00953445468183012
"1218",0.0129629629629631
"1219",-0.00731261425959795
"1220",0.00239410681399632
"1221",-0.00146981444056582
"1222",0.00285195962656704
"1223",-0.00165126129157833
"1224",0.00799408251401279
"1225",0.0141294809162984
"1226",0.0141123595505617
"1227",0.0120546002481832
"1228",-0.00166407426869852
"1229",0.0129836305986009
"1230",-0.00692820646055248
"1231",0.0143018749454957
"1232",0.00137566851949678
"1233",0.0185455138662316
"1234",-0.00868242463735747
"1235",0.0119047619047619
"1236",-0.000588235294117556
"1237",-0.0324560665937947
"1238",-0.00382379421221857
"1239",0.0113408710229739
"1240",-0.00379542827568358
"1241",-0.00424275709560162
"1242",-0.0226086956521738
"1243",0.0153025266903914
"1244",-0.0190151412893396
"1245",-0.00294767317365519
"1246",-0.0169324487750422
"1247",-0.0136699165708588
"1248",-0.0136746183618361
"1249",0.0249180702576113
"1250",0.0296133432185963
"1251",-0.00772303595206392
"1252",0.0103775630703167
"1253",-0.00354173885100972
"1254",-0.0047094011018306
"1255",0.0176769210721572
"1256",-0.000701745791797381
"1257",-0.0122026859028115
"1258",-0.0190188417710218
"1259",-0.00951255696729691
"1260",-0.0281715905972743
"1261",9.41552941176038e-05
"1262",0.014022171503024
"1263",0.0384222737819027
"1264",0.00107251765126448
"1265",-0.0246406919153399
"1266",0.00887871853546907
"1267",-0.00381052440573393
"1268",-0.0271402904502627
"1269",-0.00777011795543892
"1270",0.0257571856121213
"1271",0.00763432671081676
"1272",0.0260154805653865
"1273",0.00516017793594292
"1274",0.00106209944903179
"1275",-0.0350132625994695
"1276",0.0565328568810701
"1277",0.0311335020773047
"1278",-0.0146341126997477
"1279",0.0125468756385498
"1280",0.000168625142666246
"1281",0.00766958280657382
"1282",0.00317838752687827
"1283",-0.00842091017439017
"1284",0.00664256285209786
"1285",0.0192114600735049
"1286",0.023438781296141
"1287",0.0126521784962259
"1288",0.00490273604301761
"1289",0.00590179414542025
"1290",0.0069623719001799
"1291",-0.00209760720944685
"1292",0.00817441831605814
"1293",0.027027027027027
"1294",-0.00624060150375949
"1295",-0.025573186048271
"1296",0.012656325034945
"1297",-0.0150283085416347
"1298",0.00490415663059918
"1299",0.00209159507604295
"1300",-0.00633896103896103
"1301",-0.0165706249616073
"1302",0.0015030139544967
"1303",0.004265402843602
"1304",-0.0206858266477898
"1305",-0.0182315310181822
"1306",0.0180791890732719
"1307",-0.00691040600756632
"1308",0.0110041269036047
"1309",0.0167267232245449
"1310",0.0112562972292192
"1311",-0.00755040087179881
"1312",-0.012549019607843
"1313",0.0104050833995233
"1314",-0.00408769750805749
"1315",-0.0261268284433869
"1316",0.00697033577469064
"1317",-0.00796841622564126
"1318",0.025314434077079
"1319",-0.0153517760433084
"1320",-0.0014465964799486
"1321",0.00861167002012064
"1322",0.0161985317586977
"1323",-0.0105221515508441
"1324",-0.00325374166324133
"1325",0.00764328025477701
"1326",0.0042667826885836
"1327",-0.00196695515342249
"1328",-0.00433579818683483
"1329",0.00380044326839446
"1330",-0.00481148446127144
"1331",-0.0112546564159468
"1332",0.0228456913827655
"1333",-0.0054074921630094
"1334",0.0134740520534535
"1335",0.00816361399980137
"1336",0.00470424924809132
"1337",0.0181915259441203
"1338",-0.0157557190052449
"1339",-0.0147058521662334
"1340",-0.027129975124378
"1341",0.0303635317618858
"1342",-0.00193873600430361
"1343",-0.0225329610732855
"1344",-0.00627980902130976
"1345",0.00199983994880926
"1346",0.0188408105112308
"1347",-0.0101865221693614
"1348",-0.003562349588347
"1349",0.0011122586442438
"1350",0.0233314174007961
"1351",-0.00139582788354642
"1352",0.0110274128748182
"1353",-0.000921699026908307
"1354",-7.69739323763785e-05
"1355",0.0102260805851475
"1356",0.00875250780120274
"1357",-0.0220310561056924
"1358",0.0186699280564708
"1359",-0.00196903980424368
"1360",-0.0113826073759296
"1361",0.00199564015965614
"1362",-0.00444296028453894
"1363",0.00123105563366854
"1364",-0.00584073181188827
"1365",-0.00548862090290669
"1366",-0.0066069805896295
"1367",-0.0029734271369819
"1368",0.0114582012242976
"1369",-0.00225021718652341
"1370",-0.0110428186030895
"1371",-0.00196587245419522
"1372",0.00535770564134874
"1373",-0.00235106583072098
"1374",0.00455610354890479
"1375",-0.0100093528310715
"1376",0.0079778830963666
"1377",-0.0045450983465245
"1378",0.00850192867826505
"1379",-0.0047615330575288
"1380",-0.00588235294117645
"1381",-0.0175147928994083
"1382",0.00722717417489771
"1383",0.00932791198277916
"1384",-0.00126379146919431
"1385",-0.00347994294590503
"1386",-0.00246028571428569
"1387",-0.0248230082003976
"1388",-0.0203965081178102
"1389",0.0267344049304572
"1390",0.0193056781310836
"1391",-0.000397930912050648
"1392",0.0096329910039008
"1393",0.0133259422803975
"1394",0.00863746038868429
"1395",0.0189014972659003
"1396",-0.0099947597489356
"1397",-0.0422944550669216
"1398",-0.000479124740456749
"1399",-0.00527328203025623
"1400",-0.0138956144578313
"1401",0.00496864070924952
"1402",-0.00316096622340623
"1403",-0.00504099536681024
"1404",-0.00874397291022389
"1405",-0.0235779052406296
"1406",-0.0320837881768393
"1407",0.00662944870900217
"1408",-0.00233972270363947
"1409",0.00338747514592108
"1410",0.0363573766051724
"1411",-0.0520381222853324
"1412",0.0154198613241647
"1413",-0.000780944143732865
"1414",0.00703430308293518
"1415",0.0103484304932735
"1416",-0.00563335590189973
"1417",-0.0127896652360515
"1418",-0.0205199888524479
"1419",-0.0611628584110077
"1420",-0.0249621775732913
"1421",0.00601233491030517
"1422",0.0573550051033354
"1423",0.0294465847589904
"1424",0.0032766560396742
"1425",-0.00467822402683393
"1426",-0.0446967348458057
"1427",0.0428889342740437
"1428",-0.0175359806849201
"1429",-0.00996654851983148
"1430",0.0278209948868304
"1431",-0.0192324465936228
"1432",0.0219700408533816
"1433",0.014568712800924
"1434",0.00963134576657043
"1435",0.00841214147644243
"1436",0.00111802545579631
"1437",-0.0213899485820823
"1438",-0.00412573735955057
"1439",0.0155134778497479
"1440",-0.0157104418019268
"1441",0.00811287477954137
"1442",0.00594821553533942
"1443",-0.00252173913043485
"1444",-0.0197889983436491
"1445",-0.0300605467783512
"1446",0.0113699619061054
"1447",-0.00652768788657532
"1448",0.00730056579667826
"1449",0.00362388126921109
"1450",0.00478422097851605
"1451",-0.00476144119167876
"1452",-0.0115544322079798
"1453",0.0239269771689496
"1454",-0.00463792348776582
"1455",0.00170250896057356
"1456",-0.0141336434385904
"1457",0.0149714182016152
"1458",-0.00733059181119255
"1459",0.00621401296829971
"1460",0.018258229007134
"1461",-8.78263193400119e-05
"1462",0.0152953229502348
"1463",0.0309956709956709
"1464",-0.0319113201209271
"1465",-0.006332373351839
"1466",0.0412046428213133
"1467",0.0105642998428539
"1468",-0.00854559030946656
"1469",0.0140585774058577
"1470",0.0114705396930186
"1471",-0.00465040385086068
"1472",-0.00885245901639342
"1473",0.00115775719483957
"1474",-0.00404754680480912
"1475",-0.0315169942771832
"1476",-0.00565210261718263
"1477",-0.00335888381707006
"1478",-0.0292084687175942
"1479",0.0163788861092715
"1480",-0.00429143457698378
"1481",0.0316650177969913
"1482",0.0127035552903061
"1483",0.00437787506314202
"1484",-0.0129924890865888
"1485",0.00959656900212313
"1486",-0.00715003388795543
"1487",-0.00186396678810474
"1488",0.00415930750052818
"1489",-0.00811502931141073
"1490",-0.00903354385660626
"1491",-0.00928796009631927
"1492",0.0332465636543946
"1493",-0.00630093253801567
"1494",-0.000422691917484008
"1495",-0.0220756145791893
"1496",0.00475692770258007
"1497",-0.0257381423775501
"1498",-0.00618480296872248
"1499",-0.0176921046339933
"1500",0.00769300417025987
"1501",-0.0211962644582815
"1502",-0.0270692227172242
"1503",0.0122606809393568
"1504",-0.000931668685362985
"1505",0.0128694949969415
"1506",-0.00534020808397018
"1507",-0.0112005924280293
"1508",0.0179741246957499
"1509",-0.0130586357571689
"1510",-0.0191948937756243
"1511",0.000854987617138869
"1512",-0.0250593260560038
"1513",-0.019569701100185
"1514",-0.0422045697002809
"1515",0.00528775553292915
"1516",0.0161922442244224
"1517",0.0145133461889779
"1518",-0.0257102841136454
"1519",0.0218707875551905
"1520",-0.0240152742771412
"1521",-0.00483879356898154
"1522",0.00134487890151558
"1523",-0.00506246513069541
"1524",0.053167142132206
"1525",-0.0195227371327155
"1526",0.00553089277832286
"1527",-0.0657065332815895
"1528",0.0071718689788054
"1529",0.0345413980036731
"1530",-0.00934863403939312
"1531",-0.0202218811573163
"1532",0.0197925055125949
"1533",0.00259470679813179
"1534",-0.0267081159420288
"1535",0.010529760073591
"1536",-0.000210588350254004
"1537",-0.00757974555552143
"1538",-0.00604646254572883
"1539",0.00309498412358522
"1540",0.0281945325330155
"1541",0.0153146109271523
"1542",-0.0189563791701435
"1543",-0.00228551829272716
"1544",0.00874631403581838
"1545",-0.0226052032454668
"1546",0.0148906530830857
"1547",0.00686788761706558
"1548",0.00155022730259513
"1549",-0.00227014746589005
"1550",0.0397145086476571
"1551",0.00218840147219734
"1552",0.00744416873449127
"1553",0.0148768866995073
"1554",-0.0110668862802878
"1555",-0.00824584241696891
"1556",0.000890864099772237
"1557",0.000494422448796605
"1558",0.0107739843827221
"1559",0.00254246029562077
"1560",0.0200936800660818
"1561",0.0132912602792121
"1562",-0.00160418986505617
"1563",0.00113417765088175
"1564",-9.43731117825086e-05
"1565",0.00764796496466946
"1566",-0.00552852323838071
"1567",-0.00433426945573434
"1568",-0.00454240560234698
"1569",0.0236714127323354
"1570",0.0174591010401188
"1571",-0.00520262888655088
"1572",0.00917515402055802
"1573",0.0102737343494401
"1574",-0.0117891284453158
"1575",0.0104726713586256
"1576",-0.0218096611391492
"1577",0.00110562004790848
"1578",0.00331301294632746
"1579",0.0130252068620511
"1580",0.0144874677838658
"1581",0.000535523027490159
"1582",-0.02007136485281
"1583",-0.0215748384160218
"1584",-0.00530331204676915
"1585",0.00205773072461968
"1586",-0.0108279290890668
"1587",-0.00273662357270921
"1588",-0.00567751703255115
"1589",-0.00694708793300347
"1590",-0.0625778629611883
"1591",-0.0305663463504395
"1592",-0.0114942950543077
"1593",-0.00106673783088285
"1594",0.0164459632635627
"1595",-0.0104013027947049
"1596",-0.0100860808966522
"1597",-0.00557696291621468
"1598",0.000754961173425439
"1599",0.00678952473326855
"1600",-0.00974091201027627
"1601",-0.0234570090387197
"1602",0.00199247296845129
"1603",0.0371188703985361
"1604",-0.00415423963162509
"1605",0.0114450748291828
"1606",-0.00380710676002993
"1607",0.0108280684003426
"1608",0.0127074144087378
"1609",0.0152442186041688
"1610",0.0175689887640449
"1611",0.00793013419272715
"1612",-0.000597589857679992
"1613",-0.00488290981564521
"1614",-0.01401962747847
"1615",-0.00751574243347553
"1616",0.00204666393778141
"1617",0.00725077614379099
"1618",0.00405560190836862
"1619",-0.000908775118650951
"1620",0.00717602558415109
"1621",-0.00822880080280985
"1622",-0.0150764342810887
"1623",0.00123283341823832
"1624",-0.00328339831725832
"1625",0.00422075355157503
"1626",-0.0227576002969718
"1627",-0.00241267177174032
"1628",0.00851739221871717
"1629",-0.00375351876744789
"1630",0.00575610650942515
"1631",-0.028095733610822
"1632",-0.0145610278372591
"1633",0.0168404606692742
"1634",0.00865481391835954
"1635",0.0127118644067796
"1636",0.00303347280334743
"1637",-0.00938579622484093
"1638",0.00568485127633855
"1639",0.00429188736522557
"1640",0.00771311204031222
"1641",0.00310306164666918
"1642",0.00453697650909568
"1643",-0.00564561691644438
"1644",0.0198203357150684
"1645",-0.00010122482032604
"1646",0.010629682121887
"1647",0.000400721226084366
"1648",0.000901131434819957
"1649",-0.00530212084833925
"1650",-0.00774410137785386
"1651",-0.0133793629280615
"1652",-0.00688304938907125
"1653",0.0649632357504912
"1654",0.0135017003788906
"1655",-0.00124588848939577
"1656",0.0176566932156224
"1657",-0.014804337018224
"1658",0.01253824607434
"1659",0.000756252953965308
"1660",0.0152073291694597
"1661",0.00828061003793779
"1662",0.00406009028107079
"1663",-0.00744413224682039
"1664",-0.000648148148148064
"1665",0.0023163161308255
"1666",0.0120170456646329
"1667",-0.000913481881129496
"1668",-0.00146275375618043
"1669",-0.00128181651712145
"1670",0.00256692335900266
"1671",-0.00777245793708858
"1672",0.00313331478634904
"1673",-0.00753330271015151
"1674",-0.00425807646024257
"1675",-0.0058566142976666
"1676",-0.00112216191800407
"1677",-0.00767646508144537
"1678",0.00094339622641515
"1679",0.00593783223374178
"1680",0.00936943654569711
"1681",-0.00027854821206541
"1682",0.00612817107254116
"1683",-0.0262089700996677
"1684",-0.0226497355060552
"1685",0.0223989924328125
"1686",0.023804930811649
"1687",0.0353867544376751
"1688",0.0339984265544753
"1689",-0.00562429696287958
"1690",-0.0116602854159416
"1691",-8.80436696601983e-05
"1692",-0.000176067623492093
"1693",0.00942316127087062
"1694",-0.0166637928227606
"1695",0.00150826013663385
"1696",0.00186038277322398
"1697",0.00760456300661638
"1698",-0.0155330940073046
"1699",0.00775542877518265
"1700",-0.00468826166516545
"1701",0.0042659439838586
"1702",0.000442513274336198
"1703",0.00743030491179808
"1704",0.0014926332426024
"1705",0.0174470284919175
"1706",0.00215424378615281
"1707",0.00894232127455474
"1708",-0.00306793942621242
"1709",0.0055564368077814
"1710",-0.000680030627562056
"1711",-0.000680595468120937
"1712",-0.00297945007235889
"1713",-0.00051236337047933
"1714",-0.00392957471141553
"1715",0.00900514579759881
"1716",0.00509987250318744
"1717",-0.0224947484143764
"1718",-0.00960283794801764
"1719",-0.00663874889452309
"1720",-0.00158283503341539
"1721",-0.0180553461335212
"1722",0.000896941461904666
"1723",-0.0157719873025177
"1724",-0.00901396703997082
"1725",0.0144249178399456
"1726",0.0058870752327842
"1727",-0.00162074560132341
"1728",-0.0278679302982658
"1729",0.00593747100844233
"1730",-0.0250853084939594
"1731",0.0132437801532495
"1732",0.0268882083839044
"1733",-0.000363669437718706
"1734",0.0010004547885567
"1735",0.0151736149436168
"1736",0.000626510314991169
"1737",-0.0050983897996999
"1738",0.00503457682155628
"1739",-0.00196797566866458
"1740",-0.000985928116877255
"1741",-0.0084335546384352
"1742",-0.00931958050378501
"1743",0.00374467088299091
"1744",-0.00718835304822574
"1745",0.00769861607552014
"1746",0.0098226833950954
"1747",0.00981720255786711
"1748",0.0163217261390751
"1749",-0.00570418624674629
"1750",0.016681376286624
"1751",0
"1752",0.00546918984393807
"1753",0.00129511310654462
"1754",0.00577735621281361
"1755",0.00265771604938281
"1756",0.000940572926569461
"1757",-0.00657778939271436
"1758",0.00197777968870927
"1759",0.00635090993308984
"1760",-0.00426402850881702
"1761",-0.000256937298494742
"1762",-0.00779580201162333
"1763",0.0028492488343983
"1764",-0.00111927679724488
"1765",0.00508536476763877
"1766",0.0111483063202127
"1767",0.00915946029481951
"1768",0.00100852175841726
"1769",0.0053731844513476
"1770",-0.00417536534446761
"1771",-0.00176100628930809
"1772",0.00806451612903225
"1773",-8.33666666666399e-05
"1774",-0.00175011256771773
"1775",0.00183670061779928
"1776",0.000666666666666593
"1777",-0.000916055962691509
"1778",0.0159206134867051
"1779",0.000492353150389091
"1780",8.19419359703311e-05
"1781",-0.0026240263263313
"1782",-0.00230203082469893
"1783",0.0609806345282242
"1784",-0.00170873786407766
"1785",0.0042791566171323
"1786",0.00937396963123649
"1787",0.00951729277871149
"1788",0.00387738158595008
"1789",0.00287797654516653
"1790",-0.00226554901072351
"1791",0.00885555582366226
"1792",0.012979309054201
"1793",0.0036290326283801
"1794",-0.00118063615026598
"1795",0.00273359422335595
"1796",0.00722071912761568
"1797",0.00299929782002351
"1798",-0.00423018014732701
"1799",0.000952200981469087
"1800",0.00197561826501924
"1801",0.000438267753641641
"1802",0.0204393599404524
"1803",-0.00593736352742635
"1804",0.00590092078866333
"1805",-0.00314783230791238
"1806",0.00129186167049977
"1807",-0.0037270927830535
"1808",-0.00230221582733814
"1809",0.00331704662919208
"1810",0.000431191605577252
"1811",-0.00150856326174031
"1812",0.0105763289279421
"1813",0.0016374482906194
"1814",-0.00497547785982
"1815",0.010500778327001
"1816",-0.0114520847475138
"1817",0.0112986559295953
"1818",-0.00353556781219067
"1819",-0.0019869429463526
"1820",0.00170651308304914
"1821",0.0207268591502878
"1822",0.0022252572399093
"1823",-0.0013183736141652
"1824",-0.00187582863202007
"1825",0.000278379499418779
"1826",0.00744612407644052
"1827",-0.00518063120313239
"1828",-0.00249965275657138
"1829",-0.00222753717868451
"1830",-0.00118596347665612
"1831",-0.0107564154501639
"1832",0.00120031063474357
"1833",-0.00528913948408638
"1834",0.00552992540149111
"1835",-0.00444196573362488
"1836",-0.00368274797968127
"1837",0.0125107485078617
"1838",-0.00119348494261473
"1839",0.00962954917749204
"1840",0.00619604566973009
"1841",-0.00588118729675502
"1842",0.000765590243072989
"1843",-0.000973642171146483
"1844",0.0203968545991984
"1845",0.00634463091826976
"1846",-0.0030506407172568
"1847",-0.0036039440664748
"1848",0.0165836893468914
"1849",0.0271884249630276
"1850",0.00640486259472883
"1851",-0.00474061939760717
"1852",0.00450215332120973
"1853",0.0139656515483118
"1854",-0.00256253670403406
"1855",-0.00147717409061465
"1856",-0.0335756094423362
"1857",0.015241211314476
"1858",0.00340896831828852
"1859",0.00607610103426359
"1860",-0.00123384632160928
"1861",-0.00299094920699738
"1862",0.00345637155227241
"1863",-0.00168971213855085
"1864",0.000390599570340378
"1865",-0.00592180646840623
"1866",0.00274938472766117
"1867",0.014819193880099
"1868",-0.00977808966942662
"1869",0.00337818506480536
"1870",0.00595662041972456
"1871",-0.00244572317553504
"1872",-0.0387767458861411
"1873",-0.023895798735288
"1874",0.00804563333791797
"1875",-0.00975504494863366
"1876",-0.00599346911012744
"1877",-0.0139995017811076
"1878",0.0286075201066278
"1879",-0.009088424465995
"1880",0.00593062563769742
"1881",-0.00164524581189385
"1882",0.0044633384752224
"1883",-0.00314459939841405
"1884",-0.0143328205001881
"1885",0.0146107566857514
"1886",-0.0147432489885484
"1887",0.00236645336116115
"1888",-0.00361063731118905
"1889",0.00411147038327542
"1890",-0.00943854561561663
"1891",0.0101590138067404
"1892",0.00610350984067209
"1893",0.00324006626885609
"1894",0.00144302892874326
"1895",0.0139289141229886
"1896",0.00859435586128843
"1897",0.003489023268332
"1898",0.00347689231016024
"1899",0.0062633528784648
"1900",-0.00450276772605562
"1901",-0.000465558080765205
"1902",0.0121114790148007
"1903",0.004273837971565
"1904",0.00471391895472251
"1905",-0.0188975097668441
"1906",-0.00704035619129539
"1907",-0.0051505284280936
"1908",0.00887519690379079
"1909",0.0472508884438283
"1910",-0.00999103983708782
"1911",0.00527088743223558
"1912",0.0154741095978006
"1913",0.00799700290906125
"1914",0.00612191404297846
"1915",-0.0356388187169706
"1916",0.0139066951374351
"1917",0.0150496066814734
"1918",0.010947762980406
"1919",-0.00402235128602224
"1920",-0.0191984844783717
"1921",-0.00228050171037641
"1922",-0.00184121904761914
"1923",0.0163475088685194
"1924",0.00125169608211295
"1925",-0.00443800486155776
"1926",0.00370437612345387
"1927",0.0100713123983485
"1928",0.00891809004768684
"1929",0.00270090227239828
"1930",0.00397913662789651
"1931",0.000304902439024479
"1932",-0.0120085580735493
"1933",-0.00104884007897355
"1934",-0.00401462530999619
"1935",-0.0163090168996407
"1936",0.0180923906425672
"1937",-0.00396284829721349
"1938",-0.00752211861245811
"1939",-0.00858122185186205
"1940",0.0101086934546375
"1941",-0.00756820096151622
"1942",0.000378118106762582
"1943",-0.0167579415802417
"1944",-0.0171718322715791
"1945",-0.00977899471934285
"1946",-0.00882214760682065
"1947",0.0172035598218914
"1948",0.00711764398589532
"1949",-0.00615960594332121
"1950",0.00548014091858029
"1951",-0.00201141972518593
"1952",0.00435602377884448
"1953",-0.0064733300485067
"1954",0.0124446445776556
"1955",-0.000579162108243714
"1956",0.00347708941462743
"1957",0.000384984609470784
"1958",0.00416941650644853
"1959",-0.00351328001243612
"1960",0.00634617948717953
"1961",0.0184088153790991
"1962",0.00369024258968609
"1963",-0.00442452794914938
"1964",-0.023660491328505
"1965",0.00173101684141597
"1966",-0.000512000000000068
"1967",0.0059551002113083
"1968",-0.00439213217608503
"1969",0.00639345294051652
"1970",0.0358299971836606
"1971",0.0225084079114772
"1972",0.0139154990403072
"1973",-0.0127188363804467
"1974",0.007310204326203
"1975",0.0261138540241508
"1976",0.010144927536232
"1977",0.00321375035868021
"1978",0.00818035600206746
"1979",-0.00204266904124661
"1980",-0.00687971328451886
"1981",-0.00400755710768874
"1982",-0.0151175719951715
"1983",-0.0131901252057925
"1984",0.0119470546486871
"1985",-0.00555240184442307
"1986",-0.000999094963225144
"1987",0.0185904463722895
"1988",0.0105117708213007
"1989",5.71101940050056e-05
"1990",-0.00502945647825337
"1991",-0.00585896963315469
"1992",-0.0207431203215753
"1993",0.0139840220435219
"1994",-0.0046552456372303
"1995",-0.00730780456456459
"1996",-0.000942308576152961
"1997",-0.00371377033718456
"1998",0.00183428203856062
"1999",0.000295227956757405
"2000",0.0194839940835803
"2001",-0.0056176753344529
"2002",0.00331979040931363
"2003",-0.00029026527450482
"2004",0.0101614214376959
"2005",0.0140828878542276
"2006",-0.0106564335109397
"2007",-0.00108848406501594
"2008",0.00378541995822568
"2009",0
"2010",-0.0253699108706911
"2011",0.000175880861774891
"2012",0.00281355203687927
"2013",-0.0108136778115502
"2014",0.017904627262415
"2015",-0.000174155350613159
"2016",0.0046449748509545
"2017",0.0113853089059701
"2018",-0.00371423999999998
"2019",-0.000114757666085041
"2020",-0.000229495783858225
"2021",0.00568023435332998
"2022",0.0103263121862165
"2023",-0.00508211655276125
"2024",0.016516283182558
"2025",0.000893288625648747
"2026",-0.00446272463377728
"2027",-0.00818114947075421
"2028",0.000225943502824899
"2029",-0.0159285592376214
"2030",-0.0178509929973596
"2031",0.00233765414061127
"2032",-0.0206984320610678
"2033",-0.00589430788786338
"2034",0.00275493801281668
"2035",0.00209047373065641
"2036",-0.0433901537727978
"2037",-0.0249843987538941
"2038",0.0417917811542774
"2039",-0.0214071520579033
"2040",-0.0275166116342792
"2041",0.00812125082159199
"2042",0.0402787790990657
"2043",0.0100177488775
"2044",0.0184373863560272
"2045",0.0335783481765752
"2046",-0.0032372506332794
"2047",-0.00336359117849983
"2048",-0.00453884180209063
"2049",0.00835910406925322
"2050",0.017391304347826
"2051",0.0197720797720797
"2052",-0.00324076660892891
"2053",-0.00151356017713999
"2054",-0.0175162590953571
"2055",0.00691433142857134
"2056",0.00346177840250705
"2057",-0.000848365531122552
"2058",-0.00928284371992971
"2059",0.0109124378677941
"2060",0.0171809196975039
"2061",0.00966776329965024
"2062",-0.00963020030816641
"2063",-0.00850139467689071
"2064",0.00117679889762834
"2065",-0.00352638135018779
"2066",-0.0152791817710554
"2067",-0.000342270385801036
"2068",-0.0226546445410947
"2069",-0.014129712988154
"2070",-0.0231566705048661
"2071",0.0474718067789062
"2072",-0.0256410713517145
"2073",-0.0110490676262105
"2074",0.0078087700098215
"2075",-0.00655625223506973
"2076",0.0102592277542226
"2077",0.0191222756695768
"2078",0.00693435114503815
"2079",-0.025578703111604
"2080",0.00991804228725401
"2081",0.0188179707423
"2082",-0.00467530158730167
"2083",0.00985847808261475
"2084",0.00338805558745836
"2085",0.00623826489413992
"2086",0.0137640535200068
"2087",-0.00224421000349606
"2088",-0.0283400366248322
"2089",-0.0409722444219388
"2090",-0.00289642770938936
"2091",-0.0139191475691323
"2092",0.00435735842991636
"2093",0.00348309213482878
"2094",-0.0115697966142979
"2095",0.0181122958052096
"2096",0.0232361859672319
"2097",0.0441750422625644
"2098",0.00181226700742965
"2099",0.0392334219006163
"2100",0.00723496708915827
"2101",0.00480665360106602
"2102",0.00704109632806027
"2103",0.0143039709649873
"2104",-0.00762995191033267
"2105",-0.00233312481750103
"2106",-0.00908842983102554
"2107",0.00933269664594083
"2108",-0.00632366909655302
"2109",-0.00363660080995554
"2110",0.00708500900831965
"2111",-0.00250492986185746
"2112",0.0064116049067835
"2113",-0.0011149288596306
"2114",0.00228545319311002
"2115",-0.00360593912397933
"2116",-0.00212874942538577
"2117",-0.00336002133333335
"2118",0.0180339705256911
"2119",0.00835784254924654
"2120",0.00771514361674397
"2121",0.00346593561566255
"2122",-0.00268062692402582
"2123",-0.00909754950490849
"2124",-0.00245174757332811
"2125",0.00549079130870234
"2126",-0.00821720407738713
"2127",0.000524425810685347
"2128",-0.010272578400994
"2129",-0.000529506471711683
"2130",-0.016159796203035
"2131",0.00436208725591936
"2132",-0.0055763646112601
"2133",-0.00291172207864887
"2134",-0.0148712956954359
"2135",0.0124059504858101
"2136",-0.00146390506810856
"2137",0.00727625961606737
"2138",-0.00210242587601073
"2139",0.0111824968937388
"2140",-0.0174163486447847
"2141",0.00804693344932583
"2142",0.0138619639206889
"2143",0.0138851944459224
"2144",-0.0012068002938399
"2145",-0.0129761171326034
"2146",0.0167659992172451
"2147",0.00157043396325185
"2148",-0.00219513928814108
"2149",0.00282851599542155
"2150",-0.00548448170247029
"2151",0.00777317259551147
"2152",-0.00229309980627279
"2153",0.000887985773339262
"2154",0.00725431866812798
"2155",0.00943009326424882
"2156",-0.00313109524151145
"2157",-0.0166315424898185
"2158",-0.00560263913713777
"2159",0.00200088458741776
"2160",0.0589101291254455
"2161",0.0292307692307692
"2162",0.00289311924393654
"2163",0.00519257646631899
"2164",-0.00937488843449985
"2165",0.000675969291680678
"2166",0.00786491676718937
"2167",-0.00646306000645236
"2168",0.00645687852358678
"2169",0.00421316616485212
"2170",0.0023361334922527
"2171",0.0146499426436464
"2172",0.0199699598736187
"2173",-0.00974350583693362
"2174",-0.00194939192613408
"2175",4.6558781493955e-05
"2176",0.00204603576756957
"2177",0.00310919294428147
"2178",0.00823464085428127
"2179",0.00807558028676558
"2180",0.014929449520791
"2181",0.00919366775842967
"2182",0.0115540327956274
"2183",0.00320694103225505
"2184",-0.00652480294272217
"2185",-0.0166173935137724
"2186",-0.00806814852288129
"2187",-0.0134207137203666
"2188",0.0252828653872579
"2189",-0.0124190301570147
"2190",0.0241552259771032
"2191",-0.011351123866417
"2192",-0.0266261262799522
"2193",0.00165228563149822
"2194",0.000595637818994854
"2195",0.00760179525762328
"2196",-0.0107712402854157
"2197",0.0143801706444884
"2198",0.00634092146712861
"2199",-0.00796617295168689
"2200",0.0205516559295891
"2201",0.00351192715735804
"2202",0.00673337455952194
"2203",0.00888851551330672
"2204",0.0121685624563852
"2205",-0.01758091894408
"2206",-0.0162288343132797
"2207",-0.00231837361695575
"2208",0.013853474302123
"2209",-0.0463260730167244
"2210",-0.00882789794786476
"2211",0.0357193012025052
"2212",-0.0213857998289136
"2213",0.0220371365476628
"2214",-0.00432135059451189
"2215",-0.023373569811048
"2216",0.0152300339740759
"2217",0.00611005437253298
"2218",0.00942671232908987
"2219",-0.0343016214125016
"2220",0.0218978478199423
"2221",-0.015923566589198
"2222",-0.0187702261901022
"2223",0.00499434592924342
"2224",0.0260665536602616
"2225",0.0153522799963446
"2226",-0.0663306813068131
"2227",-0.0283882789355751
"2228",0.0108140683727183
"2229",0.0303282714761099
"2230",-0.00695399870357705
"2231",-0.0192815191274111
"2232",-0.0503741380153568
"2233",-0.00999126538600192
"2234",-0.0282473709253992
"2235",0.0246788003280769
"2236",0.0110756802450096
"2237",-0.0396320983826797
"2238",-0.0477779188636609
"2239",-0.00113004861860211
"2240",-0.0253988460233058
"2241",0.0135237338684187
"2242",-0.00217610817033798
"2243",0.0384527080245016
"2244",-0.00768210439522254
"2245",-0.00540241703364142
"2246",0.0349423675663567
"2247",-0.0439887655453408
"2248",-0.0111494932107195
"2249",-0.0356570283882783
"2250",0.00658795165082915
"2251",-0.00571936293776587
"2252",0.00278719082518664
"2253",0.0109402005468857
"2254",-0.0319976608832445
"2255",-0.00930621245603613
"2256",0.0129925823351817
"2257",-0.0311917128347463
"2258",-0.0252346323575112
"2259",-0.0388956449658867
"2260",-0.0258740536289803
"2261",0.0704215759722127
"2262",-0.0064898390278042
"2263",0.000512353532493348
"2264",0.00966528860437266
"2265",0.00114109290880959
"2266",-0.0996073708206687
"2267",0.0426893018443126
"2268",-0.0022258465459557
"2269",0.0190631254816807
"2270",0.0169817313432836
"2271",0.0031961908080671
"2272",-0.00981802315167679
"2273",-0.0150370485277852
"2274",0.0204667199999999
"2275",0.0122166061427265
"2276",0.00593775639763128
"2277",0.00615942512511225
"2278",-0.0224461409286498
"2279",0.0040443312708589
"2280",-0.00792622141372135
"2281",0.0331368705471349
"2282",-0.00925451341923211
"2283",-0.0103647598115225
"2284",0.068334681579244
"2285",0.00720123449319199
"2286",0.000480653677465748
"2287",0.0284049716933708
"2288",0.0171094423357665
"2289",0.000344540146723693
"2290",-0.0189393935046054
"2291",-0.00310050302795128
"2292",-0.00575090650194454
"2293",0.00861717564148856
"2294",-0.00415476622388666
"2295",0.00364327200109393
"2296",-0.00222484772307152
"2297",0.00299255955873723
"2298",0.00643543000926372
"2299",-0.00563857466720918
"2300",0.0111656965080251
"2301",0.00728447707694979
"2302",0.000573976940227983
"2303",0.00309755062238271
"2304",-0.00983590117998279
"2305",0.0105111642165134
"2306",0.0050294793393153
"2307",-0.00181977813728618
"2308",-0.00575397937674471
"2309",-0.0115746272845605
"2310",0.00237683478260853
"2311",0.0346422292604887
"2312",0.0112353945773234
"2313",0.00442211034388129
"2314",0.0111165478568467
"2315",0.0130082188648173
"2316",0.0102085108576944
"2317",-0.00792470996862649
"2318",0.00873856216158253
"2319",0.0368303138428931
"2320",-0.020708350416902
"2321",-0.0120910753815007
"2322",-0.0103317365617942
"2323",0.00899410071177686
"2324",0.0013264710564016
"2325",0.00651757100466299
"2326",0.00679130311747933
"2327",0.0145367074976634
"2328",0.00685498388094041
"2329",0.00174044528321682
"2330",0.00669424075437197
"2331",0.0157360812182741
"2332",-0.00299854060975346
"2333",0.00561401503759384
"2334",-0.00832419516148319
"2335",-0.000402111091271418
"2336",0.0018102278234069
"2337",0.000100406567292266
"2338",0.0194730439146802
"2339",0.00359373792952811
"2340",0.00328656921416659
"2341",0.0144232924265388
"2342",-0.00154227880359137
"2343",-0.00907513015881189
"2344",-0.00477394777864382
"2345",0.00151735679848541
"2346",-0.0192561458384245
"2347",0.0490855832959587
"2348",-0.00650775210891597
"2349",0.0124313081494165
"2350",-0.0154427579693034
"2351",-0.0269570035870491
"2352",0.000197140885339619
"2353",-0.0107441699652704
"2354",-0.0176365484256676
"2355",-0.05811944652072
"2356",0.0158303036829635
"2357",0.0119792004244843
"2358",-0.00439974858579495
"2359",-0.00568181818181823
"2360",-0.0312698624338623
"2361",0.019170965517963
"2362",-0.0204716389937132
"2363",-0.0170696793959952
"2364",-0.00384060995568047
"2365",-0.00413479354081692
"2366",-0.00476907377588665
"2367",0.00518660491179146
"2368",-0.0181155127736284
"2369",-0.0101102640036436
"2370",0.0365839345277799
"2371",0.0161433533734137
"2372",0.0146817580664733
"2373",0.0266169528128712
"2374",0.0127794273059976
"2375",0.0115795825111642
"2376",-0.00318254716251842
"2377",-0.0002060456211741
"2378",-0.00726236445067685
"2379",0.00596656623499903
"2380",0.0235184692351333
"2381",-0.00292265060060781
"2382",0.00803563972377086
"2383",-0.00340924482465677
"2384",-0.00100613743837408
"2385",-0.0151575788095478
"2386",0.0216290628775757
"2387",-0.000300300294288292
"2388",-0.00911186524257812
"2389",0.0183407639450284
"2390",0.00585458683493756
"2391",0.00828692365780936
"2392",-0.000880622261520969
"2393",-0.020613974844322
"2394",0.00609938993901826
"2395",0.00988865017116569
"2396",-0.0072823698722112
"2397",0.0076827955390335
"2398",0.00939500227456946
"2399",-0.00345990922625949
"2400",-0.00562343276283617
"2401",0.0113597044953153
"2402",-0.0149275889345989
"2403",0.0228540603752221
"2404",0.00781775890358083
"2405",-0.00081400116479613
"2406",-0.00790720276033918
"2407",0.00347792477098019
"2408",0.00933853837800069
"2409",-0.00429221687494152
"2410",0.0204042149631192
"2411",-0.0216391296146876
"2412",-0.0211581258420813
"2413",-0.0523478472238438
"2414",0.0189304027915671
"2415",0.0103552893401015
"2416",0.0220558690536925
"2417",-0.011994239276183
"2418",-0.00253747942609128
"2419",0.042348384723631
"2420",-0.0297650380437383
"2421",-0.00498148458692971
"2422",0.0235947055894774
"2423",0.0186441065375302
"2424",4.75017809364875e-05
"2425",0.0108385624643468
"2426",-0.000846463506395834
"2427",-0.0462205009424644
"2428",0.0189992301618636
"2429",-0.0112838391925258
"2430",0.00671040347354235
"2431",0.0169318153067679
"2432",-0.00129176596893477
"2433",-0.0145636099537489
"2434",0.0169664952254058
"2435",0.0195515843099272
"2436",-9.37921980495027e-05
"2437",0.00426711064929397
"2438",0.0118130270345986
"2439",0.031795109031751
"2440",-0.00223623600762535
"2441",-0.0194540144238472
"2442",0.0052571062857143
"2443",0.00363803560302078
"2444",0.00937928426604961
"2445",-0.00812495384252909
"2446",-0.0146180841919592
"2447",0.00454693435993092
"2448",-0.00475497439648864
"2449",0.0153895999775671
"2450",-0.00515767090440222
"2451",-0.00486603301650823
"2452",0.0235352884184155
"2453",0.00276821002812877
"2454",-0.0250678485251855
"2455",0.00849470191835211
"2456",0.0280318258117263
"2457",0.000220254618215288
"2458",-0.0117149830303002
"2459",0.0117201786709511
"2460",0.013478377306964
"2461",0.0265983402424848
"2462",-0.00143944790010764
"2463",-0.00233174210084774
"2464",-0.00403710678099256
"2465",0.00388276663195408
"2466",0.00480280516831
"2467",0.0173427178656957
"2468",-0.00228675734542028
"2469",0.0134188360253764
"2470",0.00164490506274872
"2471",0.0123162821249692
"2472",0.0100170492335145
"2473",-0.0231279337783106
"2474",-0.000123293193252327
"2475",0.0226095539358637
"2476",0.0283808173079405
"2477",0.0065670860271414
"2478",-0.00143687766990297
"2479",0.000427752492081712
"2480",0.00851345073902832
"2481",0.00273686166555476
"2482",0.00791879708349064
"2483",-0.000915408043535959
"2484",0.00958164634544656
"2485",-0.00691943887775559
"2486",0.0118793474334848
"2487",0.00504214313539597
"2488",-0.00303257197955609
"2489",-0.0116414582104786
"2490",-0.00448343775244575
"2491",-0.000877859596874808
"2492",0.0175337917335168
"2493",-0.00780864223161237
"2494",0.013432168801478
"2495",-0.00220279274496404
"2496",-0.0115621927034611
"2497",-0.0178300724132333
"2498",0.00882628596679336
"2499",0.0146710327705675
"2500",0.0193162295044609
"2501",-0.0140001481733264
"2502",0.00584444751186353
"2503",0.00852940963068805
"2504",0.00254830310071141
"2505",0.0135931632975219
"2506",0.0171179070941059
"2507",0.00196533992512493
"2508",-0.00238940119982323
"2509",0.00100091516410727
"2510",-0.00207122357279732
"2511",0.0163183364397606
"2512",0.000950661971831135
"2513",0.0198403498015416
"2514",-0.000379483282681115
"2515",0.00593512792001927
"2516",0.00730654530625174
"2517",0.0228163329900584
"2518",-0.00972204402271892
"2519",0.00796824820544639
"2520",-0.00470304221626583
"2521",0.016086288892454
"2522",0.0212408058149569
"2523",0.00226071114219284
"2524",0.0213643677903277
"2525",-0.0135032815119455
"2526",-0.00428551885085138
"2527",0.0125264856751652
"2528",0.011070993809694
"2529",-0.0067769080998874
"2530",0.00356952323796911
"2531",0.00481586384076049
"2532",-0.00288198466753176
"2533",-0.0294052468273727
"2534",0.0282893402185722
"2535",0.0209323299955009
"2536",-0.00144909664486759
"2537",-0.0443387414004228
"2538",-0.00274628922499986
"2539",0.0330136845329658
"2540",0.00815431687240231
"2541",0.0116969353231817
"2542",-0.0159281452828178
"2543",0.0047495172327594
"2544",-0.00603328898273814
"2545",0.0237477812958435
"2546",-0.00712107553345687
"2547",0.000246301600594689
"2548",-0.0183105455616971
"2549",0.0144827460815047
"2550",-0.0102589705241825
"2551",-0.0226350305077127
"2552",-0.0475003883405354
"2553",-0.0338721720805466
"2554",0.0158636635322269
"2555",-0.0653682027095357
"2556",-0.000584981014257746
"2557",0.093100722452486
"2558",-0.0317592722031964
"2559",0.0463845694349627
"2560",-0.032437009511449
"2561",-0.0132801168941643
"2562",-0.0790920942462719
"2563",0.0720215769460912
"2564",-0.0347305114562347
"2565",-0.0987546628545813
"2566",0.119808260400568
"2567",-0.128646947512322
"2568",0.0439700741019753
"2569",-0.0244799493791031
"2570",-0.00766205862082936
"2571",-0.0634855625459596
"2572",-0.0212441455026323
"2573",0.100325392883637
"2574",-0.00550874910063603
"2575",0.0526230033785759
"2576",-0.0414022590713162
"2577",0.0285379506169703
"2578",-0.00204075196484832
"2579",-0.0526170451883141
"2580",0.0166866793958462
"2581",-0.0143714045440381
"2582",0.0872374617913516
"2583",-0.0115823065493199
"2584",0.0255946351800371
"2585",0.00721608577543997
"2586",0.0196276284824846
"2587",0.0505031582799633
"2588",-0.00912731618020468
"2589",0.00794575840651834
"2590",-0.0135687186358964
"2591",-0.0207567052654895
"2592",-0.0309103248015116
"2593",0.0288035626754639
"2594",-0.00387543632378318
"2595",0.0288695778642332
"2596",0.000706831112838646
"2597",-0.0162094282780196
"2598",0.0328452307923854
"2599",0.021096082253665
"2600",-0.0160993199223685
"2601",0.0141488078555698
"2602",0.0150088413834242
"2603",0.0103172739658188
"2604",0.0103449022340432
"2605",0.0210377696987627
"2606",0.015735349489113
"2607",-0.0114282210360758
"2608",-0.0120741528907338
"2609",0.00614339687679899
"2610",-0.00591204998612005
"2611",0.0235611458467035
"2612",-0.00577843550364321
"2613",0.0194481563799882
"2614",-0.00745545190155861
"2615",0.0064384028672646
"2616",-0.0067735077663893
"2617",0.00435693476373178
"2618",0.000440149655912769
"2619",-0.000974064414768328
"2620",0.0122979302724044
"2621",0.00462944838578339
"2622",0.00550504120127471
"2623",-0.00861216792091757
"2624",0.0284809871312737
"2625",0.00591249472096522
"2626",0.0315780011174474
"2627",0.0257275043048346
"2628",-0.048010441537359
"2629",0.0086335101788273
"2630",0.0123671905206797
"2631",0.0265022193417237
"2632",-0.00139170647779063
"2633",0.000398236586913514
"2634",-0.00571464456095361
"2635",0.0261637767356742
"2636",0.0213447880440802
"2637",-0.0176520448530815
"2638",0.0132755653310621
"2639",-0.0307257760193594
"2640",0.0230466756435068
"2641",0.00834758140306269
"2642",-0.00189145839555238
"2643",0
"2644",0.0267502250089358
"2645",-0.00310285936920462
"2646",0.023290112175909
"2647",0.00430031732228886
"2648",0.00174925977391172
"2649",-0.00461318816958278
"2650",0.0165484222298611
"2651",0.00687731478111497
"2652",-0.0123049273431554
"2653",-0.00202025436577224
"2654",0.0210739303010452
"2655",-0.0138016727509682
"2656",0.00280926804123705
"2657",-0.045516441394191
"2658",-0.00247727930984665
"2659",0.023700265047784
"2660",-0.0164275501830512
"2661",0.0191683757718371
"2662",0.0121001787447372
"2663",0.104688634895755
"2664",0.0251976091624768
"2665",0.00667815031554797
"2666",0.00362466599530697
"2667",0.0348892311186826
"2668",-0.0244945729723078
"2669",0.0145347999225613
"2670",-0.0297398680025738
"2671",0.033234304
"2672",0.0176975485762756
"2673",-0.000891235529236867
"2674",-0.00261082172520655
"2675",0.00833280559008442
"2676",0.00125470632774483
"2677",0.0221896166330517
"2678",0.0515324531552321
"2679",0.0119602393191227
"2680",-0.00820373053975709
"2681",0.013599055003382
"2682",-0.011954371846544
"2683",-0.00161986238509138
"2684",0.0339121438876957
"2685",0.0398326122041868
"2686",-0.0207184315473917
"2687",-0.0800608636253057
"2688",0.000661829930389546
"2689",-0.0672949658341184
"2690",0.0398865449388406
"2691",-0.0326457722468462
"2692",-0.013128892644795
"2693",0.0300000089285715
"2694",0.00156033285748669
"2695",-0.0295136227322692
"2696",-0.0159636230080342
"2697",-0.0317201389059322
"2698",0.03032577799797
"2699",0.0157158064005123
"2700",-0.0419461146936072
"2701",0.0102688383979974
"2702",0.0375161519357221
"2703",0.0238688993932035
"2704",-0.00756787584871144
"2705",0.0150758353957694
"2706",0.00846216230830099
"2707",-0.0322801949457985
"2708",0.0307910378019209
"2709",-0.0286694935622318
"2710",0.0169671079191549
"2711",-0.000955865468267869
"2712",0.0173958422423603
"2713",0.0635205688337133
"2714",-0.0265273629175665
"2715",0.000743220491217667
"2716",-0.00396074752107034
"2717",-0.0140005137436874
"2718",-0.0255418759588778
"2719",0.0131919206796365
"2720",-0.00544633638930581
"2721",-0.00958332310473198
"2722",-0.00613390064794817
"2723",8.69436710104754e-05
"2724",0.0134723594922461
"2725",-0.0463121877583565
"2726",0.0370503876902082
"2727",-0.0560180280957335
"2728",-0.000826786690916848
"2729",0.0153535445992519
"2730",0.0408366073734767
"2731",0.0354937112351557
"2732",-0.00285639757083422
"2733",-0.0199680003375518
"2734",-0.00300893225584586
"2735",0.0303526512860857
"2736",-0.00234328399603789
"2737",0.000419453069536502
"2738",0.00872045096896779
"2739",-0.00756445533920724
"2740",-0.0113912388926312
"2741",0.00516817762575772
"2742",-0.0109575439224339
"2743",-0.029742612229167
"2744",0.0115942031022258
"2745",0.00746723117942572
"2746",0.00482631220224339
"2747",0.0210996404871651
"2748",0.0308273658758329
"2749",0.0029335152955221
"2750",-0.00113747154472732
"2751",-0.00561251007625663
"2752",0.0122699386503067
"2753",0.00509088484848497
"2754",-0.0209036666884628
"2755",0.0119888242074957
"2756",-0.00673477777888309
"2757",-0.00514667902469801
"2758",0.0500903108071138
"2759",-0.000547380369425587
"2760",0.00696345367284956
"2761",-0.015850761830243
"2762",0.0123953256783411
"2763",0.0284645489655946
"2764",-0.00697602339338721
"2765",0.00771223233059248
"2766",0.0357657116332066
"2767",-0.0133148509281609
"2768",-0.00852668527199096
"2769",-0.00770265474347409
"2770",-0.0247192550347539
"2771",0.0123637350324171
"2772",-0.0336615309389181
"2773",0.0341232232878865
"2774",0.00863126349879728
"2775",-0.0232488218875694
"2776",-0.00139551097520574
"2777",0.0162266766406829
"2778",-0.0151271679664388
"2779",-0.0137305480186005
"2780",0.00542711188789613
"2781",0.0328561130743001
"2782",0.0366583052083489
"2783",0.0160737347875259
"2784",0.0276838340850878
"2785",0.00167930313013298
"2786",-0.00768375223012696
"2787",-0.0349852320848265
"2788",-0.037420593403475
"2789",0.0165200961227594
"2790",0.00633670796434105
"2791",-0.00777837588790375
"2792",0.0257577792181904
"2793",-0.00458551571865129
"2794",0.00109687778213208
"2795",-0.00657372707402726
"2796",-0.0045584591044211
"2797",-0.00192033386454182
"2798",0.00177599342203805
"2799",-0.0161039601131698
"2800",-0.0176440120482916
"2801",-0.00863641879047461
"2802",0.00123342835067453
"2803",-0.0297989924462536
"2804",-0.00111110317460317
"2805",-0.00405214520854802
"2806",-0.03478260925062
"2807",0.00223162248502562
"2808",0.0538512196297012
"2809",-0.0208936378363438
"2810",-0.0244565611143728
"2811",-0.0158119042407324
"2812",0.0107383753618175
"2813",-0.0416735058750373
"2814",0.040649664483932
"2815",-0.00916667798056581
"2816",0.0165027167068832
"2817",-0.00762545103005452
"2818",0.0244567382009149
"2819",0.0127429794780705
"2820",-0.00645056940351985
"2821",-0.0339051212903956
"2822",-0.00448022072911491
"2823",0.0283357034475491
"2824",-0.00688871064825924
"2825",-0.0199935121593479
"2826",0.00416354414734088
"2827",0.00514141322303385
"2828",0.00148502600020661
"2829",-0.0122744625774319
"2830",0.0187656377186716
"2831",0.00695864090120923
"2832",0.0235772520325204
"2833",0.0024622477766123
"2834",0.0133904049868505
"2835",0.0192337682684323
"2836",0.02025160309718
"2837",-0.013233045112782
"2838",0.0243065214756735
"2839",-0.0178531140740296
"2840",0.0187078771393461
"2841",-0.00252785130111532
"2842",0.00506851505460615
"2843",-0.0128299840649654
"2844",0.00292990006062732
"2845",-0.0116853782771537
"2846",0.0180385399721308
"2847",0.00297791824861937
"2848",-0.00244953976804085
"2849",-0.006027211890968
"2850",-0.00074865996782969
"2851",-0.0151332713555071
"2852",0.00821531981205514
"2853",-0.0353855081311194
"2854",0.00195547910763372
"2855",0.0128024896423502
"2856",0.00362264515096933
"2857",-0.0258045374346688
"2858",-0.00741027997493537
"2859",-0.0249385029008496
"2860",0.0179197202391395
"2861",0.0198447305765805
"2862",-0.00925853297587753
"2863",-0.0112457355962399
"2864",-0.00128150582749698
"2865",0.021012077616295
"2866",-0.0147670884418676
"2867",0.0133141832097583
"2868",-0.00157353267621607
"2869",-0.000394042546981166
"2870",-0.0123768153311283
"2871",-0.0053480045126757
"2872",-0.00264827860807093
"2873",0.00627614263176812
"2874",-0.0121541422062073
"2875",0.0190221627082552
"2876",7.94582578398373e-05
"2877",0.00667192999726884
"2878",0.00307715800973907
"2879",-0.00802325197883869
"2880",0.00983266188381049
"2881",0.0245779195065241
"2882",-0.00643774544566977
"2883",0.00393393245860807
"2884",0.0126008380761049
"2885",-0.0100917070387887
"2886",0.0141039084874495
"2887",0.0126983595004151
"2888",-0.00208985675742224
"2889",-0.00216898284597578
"2890",-0.00224872941312537
"2891",0.0125459994549921
"2892",0.0115002449287747
"2893",0.00462117648909
"2894",0.00226341255955109
"2895",0.0195964371065362
"2896",0.0147184688265984
"2897",0.0179552381930648
"2898",-0.0091997090378505
"2899",0.0130549841854586
"2900",-0.00420371439457168
"2901",0.00788926643598598
"2902",0.024100487668913
"2903",-0.0044921087961961
"2904",-0.0140759500020461
"2905",-0.0269144205677602
"2906",0.025974005461018
"2907",-0.0051317142031494
"2908",0.00962867302456716
"2909",0.0119890665124851
"2910",0.00289450057747032
"2911",-0.014900335092948
"2912",-0.0121960070260678
"2913",0.00455237286666765
"2914",0.00151058776099022
"2915",-0.0023309817473538
"2916",0.0126442890971883
"2917",-0.00278232897134689
"2918",0.00074856075022578
"2919",-0.00625594323753509
"2920",-0.000342158206802612
"2921",-0.0033540284305299
"2922",0.00178567987146927
"2923",0.0207733304485578
"2924",0.001410484259591
"2925",0.0135478800718491
"2926",-0.00615400364458718
"2927",-0.0255010383447494
"2928",0.00232301173597271
"2929",0.0101568168402892
"2930",0.0102571359706169
"2931",-0.00060124237386483
"2932",-0.0084212942260824
"2933",-0.00552715013799443
"2934",0.00718458079362927
"2935",0.0304171522038834
"2936",-0.00842471944960543
"2937",0.00447864711218271
"2938",0.00747491336551409
"2939",0.004230452491915
"2940",0.0154892997636558
"2941",-0.0100836108228525
"2942",-0.00670488036422623
"2943",-0.0331018742668066
"2944",0.0038934147553642
"2945",-0.00956207269350584
"2946",0.00614369450930652
"2947",-0.00161045428175832
"2948",-0.0183479745173454
"2949",-0.0213610573923191
"2950",0.00342794874173857
"2951",0.0168724333689398
"2952",0.00671920438590856
"2953",0.00061292650530631
"2954",-0.0105499797243396
"2955",-0.0238012734333519
"2956",0.00648296789562508
"2957",-0.00931178310842573
"2958",0.00812716607773845
"2959",-0.0246056442175525
"2960",0.0141584160856578
"2961",0.00630712914529696
"2962",0.00908445774647904
"2963",-0.00272174624225163
"2964",-0.000629783091523284
"2965",-0.00910302512573391
"2966",-0.00423991959013226
"2967",0.0202256115186827
"2968",0.00751252808543867
"2969",0.0118061795583038
"2970",0.0150801225162718
"2971",0.00336111869323474
"2972",0.00147394484369379
"2973",-0.00528494796052847
"2974",-0.000336290263820205
"2975",0.00457486547749508
"2976",-0.00314760901397493
"2977",0.0249916079949637
"2978",-0.0181556260923551
"2979",-0.00560744982094574
"2980",0.00711598382242284
"2981",0.00979869991204629
"2982",-0.00349856744674348
"2983",0.00211971373318764
"2984",-0.00555259786853923
"2985",0.00245942565196211
"2986",-0.0191631857192918
"2987",-0.000338040837453257
"2988",0.0143369856744771
"2989",6.66377736302515e-05
"2990",0.0066666666666666
"2991",0.0164900993377484
"2992",0.0285359949007755
"2993",0.0169760441178199
"2994",0.00292744310942172
"2995",0.00242205931133865
"2996",0.00328355112363421
"2997",-0.0316784237164576
"2998",0.021873649918674
"2999",0.0315776200830749
"3000",-0.00320628548324953
"3001",-0.0061298111032394
"3002",-0.0117244690927109
"3003",0.0215027872343743
"3004",0.0354463207831825
"3005",0.022783088909228
"3006",-0.00297009363753609
"3007",0.0280132851513895
"3008",-0.0206742382949162
"3009",-0.00802323295711749
"3010",0.0285091547236946
"3011",-0.0392638476419881
"3012",-0.0065017765732549
"3013",-0.00812199958000459
"3014",0.0190869219440353
"3015",0.0153187694283261
"3016",0.003643816918947
"3017",0.0229748299465329
"3018",-0.00576725441393833
"3019",0.00050204698262224
"3020",-0.00657825826239677
